Model Name,Baseline Accuracy,Optimized Accuracy,Baseline Recall,Optimized Recall,Baseline ROC-AUC,Optimized ROC-AUC,Best Threshold,Best Imbalance Strategy,Best Hyperparameters,Percentage Improvement
RandomForest,0.8597051403342794,0.46365499842321034,0.1756967039185174,0.9640684679586928,0.5730660220533802,0.8212304511170059,0.23,RandomUnderSampler,"{""max_depth"": 9, ""min_samples_leaf"": 1, ""min_samples_split"": 7, ""n_estimators"": 244}",43.30468384330585
XGBoost,0.8628784295175024,0.659945600756859,0.176686942990522,0.8641957844108078,0.5753244869073572,0.8275231920454271,0.1,Original,"{""colsample_bytree"": 0.7368871719068161, ""learning_rate"": 0.0983175470436899, ""max_depth"": 4, ""n_estimators"": 177, ""subsample"": 0.986324594883905}",43.83590667133916
LightGBM,0.8655195521917376,0.6585264900662252,0.1679162540670533,0.8651860234828123,0.5731834001230451,0.8272841871973867,0.1,Original,"{""colsample_bytree"": 0.768320974384542, ""learning_rate"": 0.03640990946107894, ""n_estimators"": 184, ""num_leaves"": 29, ""subsample"": 0.9727540258561057}",44.331497914942034
CatBoost,0.864041311888994,0.6566934720908231,0.173008912151648,0.8687225915971142,0.574458746501088,0.8277848043000546,0.1,Original,"{""depth"": 7, ""iterations"": 276, ""l2_leaf_reg"": 2.254983018416771, ""learning_rate"": 0.045988940028932494}",44.09821581478643
